{"epoch":10,"train_loss":0.34070130061566295,"_step":10,"_timestamp":1.741594891501344e+09,"_runtime":90.533872,"_wandb":{"runtime":90},"train_acc":87.70370370370371,"test_accuracy":86.00999999999999,"val_acc":87.35000000000001,"val_loss":0.36386102915600527}