{"_step":10,"val_loss":0.09134179616062653,"_timestamp":1.741492658303085e+09,"test_accuracy":86.35000000000001,"_runtime":33.225432,"_wandb":{"runtime":33},"train_loss":0.07551086170428827,"train_acc":89.61481481481482,"val_acc":87.46666666666667,"epoch":10}