{"val_acc":86.98333333333333,"_timestamp":1.7414789917768362e+09,"train_loss":0.31984430052510443,"epoch":10,"train_acc":87.89444444444445,"test_accuracy":85.77,"_wandb":{"runtime":64},"_step":10,"_runtime":64.605521,"val_loss":0.35520281884335586}