{"val_loss":0.17918837791362435,"val_acc":74.18333333333334,"_wandb":{"runtime":83},"train_acc":74.78518518518518,"epoch":10,"train_loss":0.1740005056288534,"_step":10,"_timestamp":1.741489992615436e+09,"test_accuracy":73.18,"_runtime":83.061281}