{"train_loss":0.30314078910060754,"_timestamp":1.741473850684521e+09,"test_accuracy":86.44,"_runtime":85.949989,"_step":10,"epoch":10,"val_acc":87.83333333333333,"_wandb":{"runtime":85},"train_acc":88.8462962962963,"val_loss":0.34619174824416754}