{"test_accuracy":72.04,"epoch":10,"_step":10,"train_acc":73.57037037037037,"val_loss":9.604428148194625,"_timestamp":1.74159558146171e+09,"train_loss":9.123623198298883,"_wandb":{"runtime":91},"val_acc":72.15,"_runtime":91.124557}