{"_runtime":28.380568,"train_acc":9.290740740740741,"val_loss":3.1084076816118236,"_wandb":{"runtime":28},"train_loss":3.108291935798845,"val_acc":9.4,"_timestamp":1.741478606267628e+09,"test_accuracy":9.13,"_step":10,"epoch":10}