{"_timestamp":1.7415015960152252e+09,"epoch":10,"train_loss":0.06698553689860733,"train_acc":91.04074074074074,"val_acc":88.64999999999999,"_wandb":{"runtime":155},"_step":10,"_runtime":155.348653,"test_accuracy":86.92999999999999,"val_loss":0.08490582238997076}