{"val_loss":5.986261509506864,"epoch":10,"_timestamp":1.741444464000297e+09,"_runtime":30.022414,"train_loss":6.046604335187014,"train_acc":12.798148148148147,"val_accuracy":12.766666666666667,"val_acc":12.766666666666667,"_step":10,"_wandb":{"runtime":30}}