{"val_loss":0.39024853376743046,"epoch":10,"test_accuracy":85.17,"_wandb":{"runtime":35},"_step":10,"train_acc":86.99444444444444,"_runtime":35.193569,"train_loss":0.36622246434416494,"val_acc":86.03333333333333,"_timestamp":1.7414815152889411e+09}