{"train_acc":89.91851851851852,"test_accuracy":87.44,"epoch":10,"_wandb":{"runtime":130},"val_loss":0.08507129470360178,"_timestamp":1.741496366571546e+09,"train_loss":0.0747123060487808,"val_acc":88.18333333333334,"_runtime":130.06507,"_step":10}