{"val_accuracy":22.333333333333332,"epoch":10,"_timestamp":1.741443023312638e+09,"train_acc":22.131481481481483,"val_loss":2.2989662243735234,"train_loss":2.2987316438083054,"_runtime":62.518274,"_wandb":{"runtime":62},"_step":10,"val_acc":22.333333333333332}