{"_wandb":{"runtime":500},"_runtime":500.807911,"_step":10,"val_acc":88.98333333333333,"_timestamp":1.741600254860409e+09,"epoch":10,"train_acc":90.36666666666666,"test_accuracy":87.66000000000001,"train_loss":0.2616950171065314,"val_loss":0.308045590237685}