{"test_accuracy":85.3,"train_loss":0.36667642108387594,"train_acc":87.0111111111111,"_timestamp":1.741593899171804e+09,"_step":10,"_wandb":{"runtime":58},"val_loss":0.38123339495667824,"val_acc":86.65,"epoch":10,"_runtime":58.913244}