{"_wandb":{"runtime":69},"train_loss":0.2807701505094467,"train_acc":58.8925925925926,"_runtime":69.600525,"_timestamp":1.741483736054898e+09,"epoch":5,"val_loss":0.2798503303022197,"val_acc":59.03333333333334,"_step":5,"test_accuracy":58.650000000000006}