{"_runtime":6.829867,"val_loss":0.8227197462058244,"train_loss":0.7960277420551443,"test_accuracy":67.47,"val_acc":67.75,"_step":15,"train_acc":68.06481481481481,"_wandb":{"runtime":6},"_timestamp":1.741529955146367e+09,"epoch":15}