{"val_acc":9.583333333333334,"_runtime":10.579214,"train_loss":2.3110090101419365,"train_acc":10.046296296296296,"val_accuracy":9.583333333333334,"_wandb":{"runtime":10},"_timestamp":1.74144367143775e+09,"val_loss":2.3124421480772144,"_step":5,"epoch":5}