{"_timestamp":1.741497332160057e+09,"val_acc":88.03333333333333,"test_accuracy":86.92999999999999,"_wandb":{"runtime":120},"val_loss":0.08973865784616947,"_runtime":120.771132,"epoch":10,"_step":10,"train_loss":0.07120505381282956,"train_acc":90.25555555555556}