{"_timestamp":1.741442931894261e+09,"_step":10,"epoch":10,"val_loss":1.8354726762440738,"_runtime":52.25345,"val_accuracy":46.93333333333333,"_wandb":{"runtime":52},"train_loss":1.8198618472867023,"train_acc":45.85185185185185,"val_acc":46.93333333333333}