{"_step":5,"val_acc":11.200000000000001,"_wandb":{"runtime":17},"val_loss":0.7719408750134957,"train_acc":11.00925925925926,"test_accuracy":10.780000000000001,"epoch":5,"train_loss":0.7703209123970778,"_timestamp":1.741483384406836e+09,"_runtime":17.784462}