{"val_acc":84.46666666666667,"train_acc":85.00555555555556,"val_loss":0.4426995011764271,"epoch":5,"_wandb":{"runtime":17},"_step":5,"_timestamp":1.7414706926920562e+09,"test_accuracy":83.74000000000001,"train_loss":0.4270386711182226,"_runtime":17.54235}