{"_step":10,"test_accuracy":86.72999999999999,"_timestamp":1.741591493380193e+09,"epoch":10,"train_acc":88.36851851851853,"val_acc":87.83333333333333,"_wandb":{"runtime":33},"_runtime":33.069686,"train_loss":0.3223949481494401,"val_loss":0.3486504821085047}