{"_step":10,"epoch":10,"train_loss":0.2941499263372062,"_timestamp":1.741476088748408e+09,"_wandb":{"runtime":92},"val_loss":0.36574241483903597,"val_acc":87.41666666666667,"_runtime":92.195673,"train_acc":89.09444444444445,"test_accuracy":86.35000000000001}