{"_timestamp":1.7420636513791091e+09,"train_acc":87.33333333333333,"test_accuracy":85.47,"_wandb":{"runtime":61},"epoch":5,"_step":5,"train_loss":0.3434586717811226,"val_loss":0.36594334864025563,"val_acc":86.25,"_runtime":61.86932}