{"epoch":10,"val_acc":87.28333333333333,"train_loss":0.08533185520925687,"_step":10,"_wandb":{"runtime":227},"test_accuracy":85.39999999999999,"_timestamp":1.741492120548269e+09,"val_loss":0.09265807894920533,"train_acc":88.22037037037038,"_runtime":227.272523}