{"_step":10,"test_accuracy":76.24,"_wandb":{"runtime":130},"val_acc":76.58333333333334,"_timestamp":1.741498171570765e+09,"train_acc":78.20925925925926,"val_loss":0.16415695388629511,"epoch":10,"train_loss":0.15466590699324242,"_runtime":130.000064}