{"_wandb":{"runtime":45},"val_acc":87.5,"val_loss":0.0923951091810665,"_timestamp":1.741490708499021e+09,"train_acc":89.61666666666666,"epoch":10,"_step":10,"train_loss":0.07693878747580259,"test_accuracy":86.17,"_runtime":45.34824}