{"train_acc":88.91296296296296,"_step":10,"val_acc":87.96666666666667,"test_accuracy":86.92999999999999,"_wandb":{"runtime":57},"_timestamp":1.741471906392394e+09,"_runtime":57.791281,"val_loss":0.33768433283866345,"train_loss":0.306096917765535,"epoch":10}