{"_step":5,"val_acc":10.116666666666667,"test_accuracy":10,"_runtime":88.463723,"train_loss":2.30640005265179,"val_loss":2.3051544813131466,"_timestamp":1.7420640016170502e+09,"_wandb":{"runtime":88},"train_acc":9.987037037037037,"epoch":5}