{"train_acc":88.11851851851851,"_runtime":139.719649,"_wandb":{"runtime":139},"epoch":10,"val_loss":0.10847648638286754,"val_acc":85.16666666666667,"train_loss":0.08653113176668069,"test_accuracy":84.39999999999999,"_step":10,"_timestamp":1.741495387351711e+09}