{"epoch":7,"val_acc":7.466666666666668,"_timestamp":1.7415510464167008e+09,"_wandb":{"runtime":44},"_runtime":43.046749,"train_acc":7.3277777777777775,"val_loss":31.959881090757346,"train_loss":32.007851613528054,"_step":6}