{"_timestamp":1.74144720414864e+09,"_step":10,"epoch":10,"train_loss":2.3025911675621353,"train_acc":10.066666666666666,"val_accuracy":9.4,"val_acc":9.4,"_runtime":32.029175,"val_loss":2.3028003553717955,"_wandb":{"runtime":32}}