{"train_loss":0.3064365159521821,"_step":10,"epoch":10,"val_loss":0.33529411396104364,"test_accuracy":86.85000000000001,"_wandb":{"runtime":122},"_runtime":122.151158,"train_acc":88.99444444444444,"_timestamp":1.741597496127226e+09,"val_acc":88.08333333333334}