{"_runtime":7.34057,"val_acc":15.45,"_wandb":{"runtime":7},"epoch":5,"train_loss":0.5064263277074248,"_step":4,"_timestamp":1.7414385263932438e+09,"train_acc":15.188888888888888,"val_loss":0.5046832655610238}