{"_runtime":300.786695,"_wandb":{"runtime":300},"train_acc":90.88333333333334,"_timestamp":1.74146626753411e+09,"_step":10,"train_loss":0.2487218273180073,"val_loss":0.31232945730770045,"val_acc":88.3,"test_accuracy":87.62,"epoch":10}