{"epoch":10,"val_loss":2.304875163867891,"train_acc":9.987037037037037,"_wandb":{"runtime":123},"train_loss":2.305077399013641,"_runtime":123.741203,"_timestamp":1.742063899615222e+09,"_step":10,"test_accuracy":10,"val_acc":10.116666666666667}