{"_timestamp":1.741477478573505e+09,"epoch":5,"train_loss":0.38399807045115564,"train_acc":86.21666666666667,"_runtime":36.421919,"val_loss":0.4030545984438645,"test_accuracy":84.33,"val_acc":85.56666666666666,"_step":5,"_wandb":{"runtime":36}}