{"_timestamp":1.7414791933299289e+09,"_step":5,"epoch":5,"_runtime":18.14301,"_wandb":{"runtime":18},"train_loss":1.6625176834056565,"val_acc":44.28333333333334,"train_acc":45.21666666666667,"test_accuracy":44.230000000000004,"val_loss":1.7336520921128993}