{"_wandb":{"runtime":15},"train_acc":18.364814814814814,"epoch":4,"train_loss":0.8106811689823592,"val_loss":0.8179900562719499,"_timestamp":1.741457589823106e+09,"_runtime":15.210019,"_step":3,"val_acc":17.766666666666666}