{"val_loss":0.3141581649477908,"_wandb":{"runtime":1215},"val_acc":88.48333333333333,"train_acc":89.93148148148148,"_step":10,"test_accuracy":87.35000000000001,"_timestamp":1.7415928483798158e+09,"epoch":10,"train_loss":0.27030160351686866,"_runtime":1215.800112}