{"train_acc":7.09074074074074,"train_loss":0.8622041891982077,"val_loss":0.866491487727266,"epoch":10,"_timestamp":1.7414426686539469e+09,"_wandb":{"runtime":63},"val_acc":6.766666666666667,"val_accuracy":6.766666666666667,"_step":10,"_runtime":63.96357}