{"_timestamp":1.74152896631087e+09,"_wandb":{"runtime":5},"train_loss":0.8231335635202219,"_step":10,"epoch":10,"train_acc":74.36296296296297,"val_loss":0.8505769895280758,"val_acc":72.96666666666667,"_runtime":5.258938,"test_accuracy":72.74000000000001}