{"_step":10,"train_loss":6.187576152327306,"val_acc":26.48333333333333,"val_accuracy":26.48333333333333,"_timestamp":1.7414427301685078e+09,"val_loss":6.3283906699287265,"train_acc":26.69814814814815,"epoch":10,"_wandb":{"runtime":39},"_runtime":39.822766}