{"_wandb":{"runtime":14},"train_acc":84.47962962962963,"val_loss":0.4663183787471875,"epoch":5,"_runtime":14.687481,"train_loss":0.44955495462738915,"_step":5,"val_acc":83.46666666666667,"_timestamp":1.741470175372409e+09,"test_accuracy":82.78999999999999}