{"val_accuracy":72.96666666666667,"_timestamp":1.741457471597857e+09,"val_acc":72.96666666666667,"_wandb":{"runtime":50},"train_acc":73.64074074074074,"_step":10,"epoch":10,"train_loss":0.7068516708126078,"val_loss":0.7145084835942228,"_runtime":50.691702}