{"val_loss":2.303218166697124,"test_accuracy":10,"_wandb":{"runtime":43},"train_loss":2.3037329430638858,"val_acc":10.116666666666667,"_timestamp":1.741467930065491e+09,"_step":5,"epoch":5,"train_acc":9.987037037037037,"_runtime":43.814398}