{"train_acc":51.42037037037037,"val_loss":1.5737347944272555,"_step":10,"val_accuracy":50.449999999999996,"epoch":10,"_runtime":22.16821,"_wandb":{"runtime":22},"train_loss":1.477448839765357,"_timestamp":1.741444654840737e+09,"val_acc":50.449999999999996}