{"_runtime":66.929665,"_step":10,"_wandb":{"runtime":66},"val_acc":86.5,"train_loss":0.35388818556313884,"train_acc":87.25555555555556,"_timestamp":1.7414724341329799e+09,"epoch":10,"test_accuracy":85.32,"val_loss":0.38334689565234287}