{"epoch":10,"train_loss":0.09386496659998389,"_timestamp":1.741501846662337e+09,"train_acc":87.30555555555556,"_wandb":{"runtime":197},"test_accuracy":83.98,"val_loss":0.11238335850061429,"_runtime":197.507581,"_step":10,"val_acc":84.98333333333333}