{"val_loss":0.3611178716908603,"train_acc":88.0537037037037,"_timestamp":1.7414387738348758e+09,"_step":7,"_runtime":130.989169,"_wandb":{"runtime":140},"epoch":8,"train_loss":0.33334867678000873,"val_acc":86.83333333333333}