{"_wandb":{"runtime":36},"test_accuracy":84.98,"val_acc":85.96666666666667,"_step":10,"epoch":10,"train_loss":0.38506695681707054,"_timestamp":1.741596178679208e+09,"_runtime":36.767588,"train_acc":86.54444444444445,"val_loss":0.3989144647068049}