{"epoch":5,"val_acc":88.11666666666666,"val_loss":0.3303709911527621,"_timestamp":1.7416021530412958e+09,"_step":4,"train_acc":89.43703703703704,"_runtime":428.204866,"_wandb":{"runtime":606},"train_loss":0.28298246450185977}