{"val_loss":1.806139204354807,"_timestamp":1.7414443545235252e+09,"val_accuracy":46.56666666666667,"_step":5,"train_loss":1.7684187730027796,"val_acc":46.56666666666667,"train_acc":47.614814814814814,"_runtime":13.177404,"_wandb":{"runtime":13},"epoch":5}