{"test_accuracy":31.240000000000002,"_wandb":{"runtime":39},"_runtime":39.918011,"_step":10,"_timestamp":1.7415001614364538e+09,"epoch":10,"train_acc":31.174074074074078,"val_loss":0.43200275134446214,"train_loss":0.4266554448038969,"val_acc":30.516666666666666}