{"_timestamp":1.741475650552472e+09,"val_loss":0.3450310281515933,"epoch":10,"_wandb":{"runtime":48},"train_loss":0.32039761420819357,"val_acc":88.03333333333333,"_step":10,"train_acc":88.43333333333334,"test_accuracy":86.1,"_runtime":48.7497}