{"epoch":10,"val_accuracy":17.983333333333334,"val_acc":17.983333333333334,"_timestamp":1.741457566137493e+09,"train_loss":0.40917934448050525,"val_loss":0.4116679473449079,"_step":10,"_wandb":{"runtime":39},"train_acc":18.761111111111113,"_runtime":39.554922}