{"_timestamp":1.7414446998902102e+09,"epoch":5,"train_acc":72.47407407407407,"train_loss":0.19887915268620163,"val_accuracy":71.78333333333333,"_step":5,"_runtime":39.530496,"_wandb":{"runtime":39},"val_loss":0.20102676224115526,"val_acc":71.78333333333333}