{"_step":10,"val_loss":0.33306824792335904,"train_loss":0.27716990842452394,"_runtime":36.451265,"test_accuracy":86.85000000000001,"_wandb":{"runtime":36},"_timestamp":1.7415949336758301e+09,"epoch":10,"train_acc":89.64259259259259,"val_acc":87.78333333333333}