{"val_acc":88.28333333333333,"test_accuracy":87.24,"_step":10,"_runtime":35.337054,"epoch":10,"_timestamp":1.7415915339731681e+09,"train_loss":0.2792687717045365,"_wandb":{"runtime":35},"train_acc":89.67962962962963,"val_loss":0.33396410658857656}