{"val_loss":0.3561062436636172,"_timestamp":1.741466609928763e+09,"train_loss":0.3102817735415984,"train_acc":88.66851851851851,"_wandb":{"runtime":31},"val_acc":86.98333333333333,"_step":5,"test_accuracy":85.91,"epoch":5,"_runtime":31.949354}