{"val_loss":14.374394361244239,"_wandb":{"runtime":225},"val_acc":9.883333333333333,"_runtime":225.680636,"_step":15,"train_loss":14.60768967914572,"epoch":15,"_timestamp":1.7420677946172569e+09,"train_acc":10.012962962962963,"test_accuracy":10}