{"_step":10,"val_loss":0.4504501339331318,"test_accuracy":10,"_wandb":{"runtime":72},"val_acc":9.4,"train_acc":10.066666666666666,"_runtime":72.922767,"epoch":10,"_timestamp":1.742065698903572e+09,"train_loss":0.45022333216217014}