{"epoch":10,"train_acc":75.97037037037036,"_wandb":{"runtime":127},"_timestamp":1.741468869292031e+09,"_step":10,"test_accuracy":74.11999999999999,"val_acc":74.11666666666666,"val_loss":8.935550786613932,"_runtime":127.795368,"train_loss":8.29390373179572}