{"train_loss":0.3422102009628444,"val_acc":87.13333333333333,"_step":10,"_wandb":{"runtime":87},"val_loss":0.36132916113286473,"test_accuracy":86.35000000000001,"_timestamp":1.741601719260656e+09,"_runtime":87.478392,"epoch":10,"train_acc":87.82592592592593}