{"_timestamp":1.741472359959698e+09,"_wandb":{"runtime":89},"_step":10,"train_acc":88.88703703703705,"val_loss":0.3418037848489286,"val_acc":87.51666666666667,"_runtime":89.532984,"test_accuracy":86.33999999999999,"epoch":10,"train_loss":0.30481814186687783}