{"val_loss":0.3661817646802169,"val_acc":87.11666666666666,"_step":10,"_wandb":{"runtime":100},"epoch":10,"train_acc":88.82962962962962,"_timestamp":1.741479835239598e+09,"test_accuracy":85.85000000000001,"train_loss":0.30210621255209963,"_runtime":100.23921}