{"_timestamp":1.7414750284273121e+09,"_step":10,"_wandb":{"runtime":92},"train_loss":1.1982894537142847,"train_acc":60.11296296296297,"val_loss":1.2691000531433978,"_runtime":92.081959,"test_accuracy":58.220000000000006,"epoch":10,"val_acc":58.099999999999994}