{"_step":7,"val_acc":9.883333333333333,"_wandb":{"runtime":61},"_timestamp":1.741551781653118e+09,"_runtime":57.595777,"train_loss":31.08042150662767,"train_acc":10.012962962962963,"epoch":8,"val_loss":31.125193994547008}