{"train_acc":88.62037037037037,"val_acc":87.18333333333334,"_runtime":75.347714,"train_loss":0.3104513387595448,"_wandb":{"runtime":75},"_step":10,"epoch":10,"_timestamp":1.7414689503698912e+09,"test_accuracy":86.22999999999999,"val_loss":0.3539517814225475}