{"val_acc":80.81666666666666,"epoch":10,"_wandb":{"runtime":105},"train_loss":0.5212739354080091,"_runtime":105.23084,"train_acc":81.51666666666667,"val_loss":0.5331078950990479,"_step":10,"test_accuracy":80.28999999999999,"_timestamp":1.7414770548376021e+09}