{"_wandb":{"runtime":35},"val_acc":58.63333333333334,"_timestamp":1.7414839006262e+09,"train_acc":59.08148148148148,"train_loss":0.2982112036432175,"epoch":10,"_step":10,"test_accuracy":58.53,"val_loss":0.3002457571858472,"_runtime":35.92477}