{"val_accuracy":54.48333333333333,"_step":5,"train_loss":1.3082473494338087,"train_acc":55.159259259259265,"val_acc":54.48333333333333,"_wandb":{"runtime":28},"epoch":5,"_runtime":28.304584,"val_loss":1.342742806797879,"_timestamp":1.7414469604065878e+09}