{"_runtime":106.065973,"_wandb":{"runtime":106},"train_acc":10.046296296296296,"test_accuracy":10,"train_loss":0.46171738256209477,"val_loss":0.4629911285218582,"epoch":10,"_step":10,"val_acc":9.583333333333334,"_timestamp":1.742066659783911e+09}