{"_wandb":{"runtime":47},"_runtime":47.854576,"epoch":10,"test_accuracy":84.65,"_timestamp":1.7414700262702239e+09,"train_loss":0.3555695037696824,"val_loss":0.38906682233556406,"_step":10,"train_acc":87.10185185185185,"val_acc":85.9}