{"train_loss":6.342191743499878,"epoch":10,"_timestamp":1.7414727242314398e+09,"test_accuracy":8.4,"train_acc":8.437037037037037,"_step":10,"val_loss":6.27709219974973,"val_acc":8.033333333333333,"_wandb":{"runtime":39},"_runtime":39.696477}