{"_step":5,"val_acc":9.833333333333332,"val_accuracy":9.833333333333332,"epoch":5,"val_loss":2.3065400856475122,"train_acc":10.018518518518519,"_wandb":{"runtime":40},"_timestamp":1.7414435515110989e+09,"_runtime":40.47995,"train_loss":2.309829820531833}