{"_runtime":17.953539,"epoch":10,"val_acc":84.73333333333333,"_timestamp":1.7415536404167511e+09,"train_loss":0.42720746580802493,"_wandb":{"runtime":17},"train_acc":85.22037037037038,"val_loss":0.43343358473892535,"test_accuracy":83.55,"_step":10}