{"_runtime":29.103765,"_timestamp":1.741601405298599e+09,"test_accuracy":87.27000000000001,"epoch":10,"train_loss":0.26350736610043674,"train_acc":90.05925925925926,"_step":10,"val_acc":88.61666666666666,"_wandb":{"runtime":29},"val_loss":0.3321605212500302}