{"train_acc":4.840740740740741,"_timestamp":1.7415529294169118e+09,"_runtime":34.356089,"epoch":5,"_wandb":{"runtime":34},"_step":5,"test_accuracy":5.0200000000000005,"val_acc":4.6,"train_loss":2.3174650412343687,"val_loss":2.31546013923513}