{"_wandb":{"runtime":94},"val_acc":87.51666666666667,"_runtime":94.485088,"_step":10,"epoch":10,"test_accuracy":86.33999999999999,"train_loss":0.3020562377210879,"val_loss":0.3511743240500176,"_timestamp":1.741481151765795e+09,"train_acc":88.81666666666666}