{"epoch":10,"val_acc":87.03333333333333,"_step":10,"train_acc":88.22407407407408,"val_loss":0.38268422023491244,"train_loss":0.3254816336215454,"_wandb":{"runtime":56},"_timestamp":1.741594997038044e+09,"_runtime":56.734178,"test_accuracy":85.61999999999999}