{"_timestamp":1.741457489188283e+09,"_step":3,"epoch":4,"_runtime":9.299686,"val_loss":3.6243250786967383,"val_acc":9.683333333333334,"_wandb":{"runtime":9},"train_loss":3.6124162457917017,"train_acc":9.944444444444445}