{"val_acc":52.983333333333334,"val_loss":0.2932632026820058,"epoch":10,"_timestamp":1.741493686220703e+09,"test_accuracy":53.39,"_step":10,"_wandb":{"runtime":113},"train_loss":0.2868575070066315,"_runtime":113.601039,"train_acc":53.7962962962963}