{"train_loss":0.5440749878993951,"_wandb":{"runtime":10},"epoch":5,"val_loss":0.5599788001838091,"_timestamp":1.741467833065027e+09,"_runtime":10.712887,"train_acc":80.35925925925926,"val_acc":79.71666666666667,"test_accuracy":79.22,"_step":5}