{"train_acc":9.966666666666667,"val_acc":10.766666666666666,"_step":0,"_runtime":6.264246,"epoch":1,"train_loss":0.9003332567734731,"_timestamp":1.7420666723109398e+09,"val_loss":0.8923333333333333,"_wandb":{"runtime":6}}