{"_runtime":37.966067,"val_loss":2.3408273101694532,"epoch":10,"_step":10,"val_acc":9.4,"_timestamp":1.7414743697476091e+09,"train_acc":10.066666666666666,"train_loss":2.332075973532646,"_wandb":{"runtime":37},"test_accuracy":10}