{"train_loss":0.9249094827346247,"epoch":5,"val_loss":0.9328018766390663,"_runtime":82.801671,"val_acc":64.21666666666667,"_wandb":{"runtime":82},"val_accuracy":64.21666666666667,"train_acc":64.14999999999999,"_step":5,"_timestamp":1.741443113278326e+09}