{"_wandb":{"runtime":39},"val_acc":10.116666666666667,"val_accuracy":10.116666666666667,"val_loss":22.839520618866352,"_timestamp":1.741444619163095e+09,"train_acc":9.987037037037037,"_runtime":39.598238,"train_loss":22.9394517624626,"_step":5,"epoch":5}