{"val_acc":9.8,"val_accuracy":9.8,"val_loss":NaN,"_timestamp":1.741446926125398e+09,"train_loss":NaN,"_wandb":{"runtime":37},"_runtime":37.031998,"_step":10,"train_acc":10.022222222222222,"epoch":10}