{"epoch":10,"test_accuracy":73.63,"train_loss":0.17566072250703116,"val_acc":73.5,"_runtime":105.553206,"_wandb":{"runtime":105},"val_loss":0.18252091693453198,"_step":10,"_timestamp":1.741493112121613e+09,"train_acc":74.58703703703704}