{"val_acc":44.85,"_runtime":20.302913,"train_acc":45.1,"_wandb":{"runtime":25},"val_loss":1.6897096002681602,"epoch":2,"_timestamp":1.741552020523351e+09,"_step":1,"train_loss":1.7032606476623353}