{"_wandb":{"runtime":25},"val_loss":10.678182224844484,"val_acc":18.083333333333336,"_timestamp":1.741467814223331e+09,"epoch":5,"_step":5,"_runtime":25.153175,"test_accuracy":18.85,"train_loss":10.479318273165307,"train_acc":18.307407407407407}