{"epoch":10,"train_loss":6.112262569628246,"test_accuracy":79.69000000000001,"_runtime":856.858416,"_step":10,"val_acc":78.91666666666667,"_timestamp":1.7415236355573928e+09,"val_loss":7.037445182984941,"train_acc":81.58148148148148,"_wandb":{"runtime":856}}