{"_wandb":{"runtime":49},"val_acc":10.133333333333333,"_timestamp":1.7414699641912582e+09,"test_accuracy":10,"epoch":10,"val_loss":2.3061637585242196,"train_loss":2.305027443046834,"_runtime":49.776725,"_step":10,"train_acc":9.985185185185186}