{"_runtime":144.238915,"val_loss":0.3318418902006761,"val_acc":88.26666666666667,"train_loss":0.30267080054716855,"train_acc":88.80740740740741,"_wandb":{"runtime":144},"_timestamp":1.741591311587033e+09,"_step":10,"test_accuracy":86.48,"epoch":10}