{"train_acc":87.25555555555556,"_timestamp":1.741444974877048e+09,"val_acc":84.46666666666667,"_step":6,"epoch":7,"train_loss":0.3515926029948289,"_wandb":{"runtime":119},"_runtime":103.917126,"val_loss":0.42621131469603113}