{"val_loss":0.09601015258769212,"train_acc":88.15185185185184,"_wandb":{"runtime":84},"_runtime":84.568811,"_step":10,"epoch":10,"val_acc":86.65,"_timestamp":1.741487940580966e+09,"train_loss":0.0862479424688578,"test_accuracy":85.56}