{"_timestamp":1.741592952699208e+09,"val_acc":87.63333333333333,"train_loss":0.33300832936350355,"train_acc":88.08888888888889,"val_loss":0.35225646192108295,"_runtime":95.350129,"_step":10,"test_accuracy":86.11999999999999,"epoch":10,"_wandb":{"runtime":95}}