{"_wandb":{"runtime":151},"train_loss":2.30408867324238,"epoch":10,"val_acc":10.116666666666667,"test_accuracy":10,"train_acc":9.987037037037037,"val_loss":2.3027983715802534,"_runtime":151.652571,"_step":10,"_timestamp":1.741464414659175e+09}