{"_timestamp":1.741471024302846e+09,"epoch":10,"train_acc":67.62592592592593,"_step":10,"val_loss":4.517548115645538,"_wandb":{"runtime":45},"train_loss":4.335549917296911,"test_accuracy":66.47999999999999,"_runtime":45.647745,"val_acc":67.13333333333334}