{"_runtime":34.397476,"val_loss":0.3401481680476824,"_wandb":{"runtime":34},"train_acc":89.20185185185186,"val_acc":88.14999999999999,"_timestamp":1.741595630518968e+09,"test_accuracy":86.57000000000001,"_step":10,"epoch":10,"train_loss":0.2896393253691615}