{"_timestamp":1.74147157744401e+09,"_step":10,"val_loss":0.40952823336356536,"_wandb":{"runtime":30},"test_accuracy":84.17999999999999,"train_acc":85.80555555555556,"val_acc":85.73333333333333,"train_loss":0.3890835582435378,"_runtime":30.355607,"epoch":10}