{"_wandb":{"runtime":49},"train_loss":2.3247695550155645,"val_acc":9.583333333333334,"train_acc":10.046296296296296,"test_accuracy":10,"epoch":5,"_timestamp":1.741553104036279e+09,"_step":5,"val_loss":2.328224178997123,"_runtime":49.045211}