{"_wandb":{"runtime":21},"_runtime":21.441206,"test_accuracy":10,"train_loss":2.3035370711100738,"val_acc":9.583333333333334,"train_acc":10.046296296296296,"val_loss":2.30383931211792,"_timestamp":1.741553189273303e+09,"epoch":5,"_step":5}