{"val_acc":87.58333333333333,"epoch":10,"_step":10,"val_loss":0.34116548923977186,"_wandb":{"runtime":88},"train_loss":0.3022166810980553,"train_acc":88.8425925925926,"test_accuracy":86.22999999999999,"_runtime":88.666313,"_timestamp":1.74147757402259e+09}