{"_timestamp":1.741466359928074e+09,"val_acc":10.333333333333334,"test_accuracy":10.59,"train_acc":10.483333333333334,"val_loss":2.9805586995666684,"_wandb":{"runtime":23},"_runtime":23.348356,"train_loss":2.984190797844434,"_step":10,"epoch":10}