{"train_loss":10.8143793043822,"_runtime":14.74426,"val_loss":10.745776512069899,"val_accuracy":68.30000000000001,"_timestamp":1.7414571939516742e+09,"_step":5,"_wandb":{"runtime":14},"val_acc":68.30000000000001,"epoch":5,"train_acc":68.1462962962963}