{"val_acc":13.700000000000001,"_timestamp":1.742062318580502e+09,"epoch":3,"train_acc":13.957407407407407,"_step":2,"_wandb":{"runtime":104},"val_loss":0.6344684921982897,"train_loss":0.6360995779580716,"_runtime":89.124742}