{"_wandb":{"runtime":61},"val_loss":2.3039767634571113,"val_acc":19.183333333333334,"_timestamp":1.741442334279575e+09,"_step":10,"epoch":10,"train_acc":17.64814814814815,"train_loss":2.3100003609690316,"val_accuracy":19.183333333333334,"_runtime":61.57949}