{"val_acc":86.55000000000001,"val_loss":0.38418777037957913,"_wandb":{"runtime":31},"epoch":10,"_runtime":31.004134,"train_loss":0.3647670272267396,"_timestamp":1.74146935460776e+09,"_step":10,"train_acc":86.96666666666667,"test_accuracy":85.24000000000001}