{"val_acc":70.83333333333334,"_timestamp":1.741482775087992e+09,"_runtime":14.78158,"train_acc":72.27962962962962,"train_loss":0.8003955714945974,"val_loss":0.825613812314845,"epoch":5,"test_accuracy":71.50999999999999,"_wandb":{"runtime":14},"_step":5}