{"val_acc":10,"_wandb":{"runtime":39},"val_loss":0.45680381446250157,"_runtime":31.379874,"_timestamp":1.742062080566494e+09,"epoch":2,"train_loss":0.4563178515369854,"_step":1,"train_acc":10.15925925925926}