{"val_acc":10.15,"epoch":5,"_timestamp":1.741444803950785e+09,"val_accuracy":10.15,"train_loss":0.47347073007740287,"_wandb":{"runtime":13},"val_loss":0.47343753294499885,"_runtime":13.845395,"_step":5,"train_acc":9.983333333333333}