{"_step":10,"_runtime":4036.174725,"val_acc":76.66666666666667,"train_acc":78.22592592592592,"epoch":10,"val_loss":8.05759938710395,"_timestamp":1.7415578244138792e+09,"_wandb":{"runtime":4036},"test_accuracy":75.57000000000001,"train_loss":7.512006869908047}