{"val_loss":0.38074320278797164,"_runtime":65.906243,"train_acc":86.87592592592593,"test_accuracy":85.11999999999999,"_timestamp":1.7420637246864798e+09,"epoch":5,"train_loss":0.36688177651312864,"_wandb":{"runtime":65},"val_acc":86.23333333333333,"_step":5}