{"_wandb":{"runtime":23},"_runtime":23.012475,"epoch":5,"train_acc":82.55185185185185,"_step":5,"_timestamp":1.7414724653755069e+09,"test_accuracy":81.39999999999999,"val_loss":0.4993661899183218,"val_acc":81.58333333333333,"train_loss":0.48390162150264965}