{"train_acc":29.824074074074076,"_runtime":65.731802,"epoch":10,"train_loss":2.095973048017605,"val_acc":30.833333333333336,"_wandb":{"runtime":65},"_timestamp":1.741443453384646e+09,"val_loss":2.0925373044450675,"val_accuracy":30.833333333333336,"_step":10}