{"_wandb":{"runtime":51},"train_loss":0.17149297504938368,"_runtime":51.258336,"epoch":5,"val_loss":0.17591939741629783,"_timestamp":1.741444862961026e+09,"train_acc":75.53333333333333,"val_acc":74.96666666666667,"_step":5,"val_accuracy":74.96666666666667}