{"_wandb":{"runtime":25},"epoch":5,"train_loss":14.083845108955932,"val_loss":14.24394998992801,"val_acc":55.383333333333326,"_step":5,"train_acc":55.71296296296296,"_runtime":25.539374,"test_accuracy":54.910000000000004,"_timestamp":1.7414695319602618e+09}