{"val_loss":0.43760457889281185,"_runtime":18.328967,"epoch":5,"_wandb":{"runtime":18},"val_acc":84.43333333333334,"test_accuracy":83.46000000000001,"_step":5,"train_loss":0.419384187521888,"train_acc":85.38148148148149,"_timestamp":1.7414734305870981e+09}