{"test_accuracy":85.13,"train_acc":87.65925925925926,"val_acc":86.43333333333332,"_step":10,"epoch":10,"train_loss":0.3290935689694658,"_timestamp":1.741595411897679e+09,"val_loss":0.3688420901348319,"_runtime":29.836875,"_wandb":{"runtime":29}}