{"val_loss":4.000741599077155,"test_accuracy":88.5,"_wandb":{"runtime":126},"train_acc":92.84259259259258,"val_acc":88.41666666666667,"epoch":10,"train_loss":2.466649493039965,"_timestamp":1.741522770657233e+09,"_step":10,"_runtime":126.888721}