{"_step":10,"val_acc":87.94999999999999,"_runtime":240.21398,"test_accuracy":86.92,"epoch":10,"val_loss":0.3311488605408452,"_timestamp":1.741480610803395e+09,"train_acc":90.38333333333334,"_wandb":{"runtime":240},"train_loss":0.2582321441391927}