{"_runtime":53.42206,"_timestamp":1.741553387184093e+09,"epoch":5,"train_acc":88.52407407407408,"_wandb":{"runtime":53},"val_loss":0.34022280404877625,"test_accuracy":86.57000000000001,"train_loss":0.3155979497754081,"val_acc":88.18333333333334,"_step":5}