{"val_loss":0.4107647012902524,"val_acc":85.08333333333333,"_wandb":{"runtime":30},"_step":10,"train_acc":85.96666666666667,"test_accuracy":84.00999999999999,"_runtime":30.550906,"_timestamp":1.741470737336341e+09,"epoch":10,"train_loss":0.392735237091346}