{"val_acc":42.016666666666666,"train_loss":5.319028311810771,"_wandb":{"runtime":45},"val_loss":5.497354406393967,"_step":5,"train_acc":42.99444444444445,"_runtime":45.957375,"epoch":5,"_timestamp":1.741442388400367e+09,"val_accuracy":42.016666666666666}