{"_wandb":{"runtime":119},"val_loss":0.8344094720872629,"_timestamp":1.741442558896775e+09,"val_accuracy":68.81666666666668,"_step":10,"train_loss":0.7615725281841652,"train_acc":70.97037037037038,"val_acc":68.81666666666668,"_runtime":119.616308,"epoch":10}