{"train_acc":91.02962962962962,"_timestamp":1.7414685638437e+09,"_wandb":{"runtime":143},"epoch":10,"_runtime":143.710393,"test_accuracy":87.27000000000001,"train_loss":0.24301449650112394,"val_loss":0.31335723469549714,"_step":10,"val_acc":88.76666666666667}