{"test_accuracy":14.02,"val_acc":13.866666666666665,"_wandb":{"runtime":13},"val_loss":0.48260513741622646,"train_loss":0.4835202644515589,"train_acc":14.172222222222222,"_step":5,"_runtime":13.652446,"_timestamp":1.742065617821286e+09,"epoch":5}