{"_step":10,"train_loss":0.09726894962136007,"train_acc":86.62037037037037,"epoch":10,"_timestamp":1.74150068260677e+09,"test_accuracy":82.39999999999999,"_wandb":{"runtime":148},"val_loss":0.11880360822708616,"_runtime":148.706067,"val_acc":83.41666666666666}