{"_runtime":32.439686,"epoch":10,"test_accuracy":9.049999999999999,"val_loss":4.97674988609661,"_timestamp":1.7414667456890602e+09,"train_acc":8.987037037037036,"_wandb":{"runtime":32},"_step":10,"val_acc":8.816666666666666,"train_loss":4.9873736222271425}