{"val_loss":0.3311660331004427,"test_accuracy":86.88,"train_acc":89.02777777777777,"_step":10,"train_loss":0.29767962652177754,"val_acc":88.25,"_timestamp":1.741594616318251e+09,"_wandb":{"runtime":178},"epoch":10,"_runtime":178.189985}