{"_step":10,"_timestamp":1.741480815414218e+09,"test_accuracy":86.46000000000001,"epoch":10,"train_acc":89.79074074074074,"_runtime":143.870563,"val_acc":87.78333333333333,"val_loss":0.3394685620274392,"_wandb":{"runtime":143},"train_loss":0.2799320809946}