{"val_acc":66.58333333333334,"val_loss":11.506077292903637,"train_acc":66.64074074074074,"_timestamp":1.741594431587905e+09,"_step":10,"_runtime":41.553222,"_wandb":{"runtime":41},"train_loss":11.48594205916418,"epoch":10,"test_accuracy":66.32000000000001}