{"_timestamp":1.7414472308849332e+09,"val_accuracy":84.75,"_runtime":20.680447,"train_acc":84.91666666666666,"val_loss":0.4286379256934361,"train_loss":0.41825187023525406,"epoch":5,"_wandb":{"runtime":20},"val_acc":84.75,"_step":5}