{"_step":6,"_timestamp":1.741551973277022e+09,"_runtime":76.480983,"train_loss":25.414191976547297,"_wandb":{"runtime":84},"train_acc":9.985185185185186,"epoch":7,"val_loss":25.192972837030165,"val_acc":10.133333333333333}