{"val_loss":2.139179988079057,"_wandb":{"runtime":30},"train_loss":2.0796747667148283,"_timestamp":1.741553422905212e+09,"_step":5,"epoch":5,"val_acc":20.549999999999997,"train_acc":21.037037037037038,"_runtime":30.115097,"test_accuracy":20.75}