{"_runtime":48.734924,"_timestamp":1.7414795683450692e+09,"train_loss":2.785199558698682,"train_acc":55.74444444444444,"_step":10,"_wandb":{"runtime":48},"val_acc":55.233333333333334,"epoch":10,"test_accuracy":53.959999999999994,"val_loss":2.935042829366081}