{"_wandb":{"runtime":30},"val_acc":10.116666666666667,"train_loss":2.303221829221055,"_step":10,"epoch":10,"val_accuracy":10.116666666666667,"_runtime":30.383566,"train_acc":9.987037037037037,"val_loss":2.302997761521269,"_timestamp":1.741441949602217e+09}