{"val_loss":3.5977251082727855,"train_loss":3.6097926737721893,"train_acc":7.783333333333334,"val_acc":7.716666666666666,"_timestamp":1.741478389960641e+09,"test_accuracy":8.12,"_wandb":{"runtime":11},"_runtime":11.35042,"_step":5,"epoch":5}