{"_wandb":{"runtime":50},"epoch":5,"_step":4,"val_loss":2.3026321899813427,"_runtime":39.95102,"train_loss":2.3024219831020303,"train_acc":10.338888888888889,"val_acc":10.5,"_timestamp":1.7415521519887471e+09}