{"_wandb":{"runtime":37},"train_loss":0.3319331066403389,"epoch":5,"train_acc":87.80185185185185,"val_loss":0.36650737922095794,"val_acc":86.66666666666667,"_step":5,"_runtime":37.832455,"test_accuracy":85.42999999999999,"_timestamp":1.741472264282272e+09}