{"val_acc":10.299999999999999,"_timestamp":1.741443371072682e+09,"_wandb":{"runtime":18},"_runtime":18.981233,"train_loss":31.09641168088457,"epoch":5,"train_acc":9.966666666666667,"val_loss":30.981282426234877,"val_accuracy":10.299999999999999,"_step":5}