{"_wandb":{"runtime":148},"epoch":1,"train_acc":8.924074074074074,"_step":0,"val_acc":8.450000000000001,"_timestamp":1.7415509277228491e+09,"val_loss":3.6078161667376536,"_runtime":108.610982,"train_loss":3.6181739130696124}