{"_wandb":{"runtime":30},"train_loss":0.833832369905267,"val_acc":10,"_timestamp":1.741439224055375e+09,"_step":4,"epoch":5,"val_loss":0.837373381515678,"_runtime":30.234733,"train_acc":10.21111111111111}