{"_wandb":{"runtime":224},"_timestamp":1.741484810452259e+09,"train_acc":29.74074074074074,"val_loss":0.38579790455488877,"_runtime":224.471567,"_step":10,"test_accuracy":29.020000000000003,"train_loss":0.38179164687083694,"epoch":10,"val_acc":28.999999999999996}