{"epoch":10,"val_acc":10.116666666666667,"_timestamp":1.74144365443461e+09,"_step":10,"_runtime":94.882314,"train_loss":2.30714077569194,"val_loss":2.3075694817032093,"val_accuracy":10.116666666666667,"train_acc":9.987037037037037,"_wandb":{"runtime":94}}