{"test_accuracy":12.83,"val_acc":12.933333333333334,"_step":10,"epoch":10,"train_acc":12.709259259259259,"_runtime":37.361894,"train_loss":2.2451473844666645,"_wandb":{"runtime":37},"_timestamp":1.741481631631951e+09,"val_loss":2.268642389851424}