{"_wandb":{"runtime":57},"_runtime":57.610663,"_step":10,"val_acc":86.83333333333333,"test_accuracy":86.36,"train_acc":88.98703703703704,"epoch":10,"_timestamp":1.741497659886626e+09,"train_loss":0.08079907914551063,"val_loss":0.09266858500608907}