{"epoch":5,"_timestamp":1.7414663277870631e+09,"train_acc":62.16481481481482,"_step":5,"val_acc":61.550000000000004,"val_loss":1.6681117129030298,"_wandb":{"runtime":45},"train_loss":1.6625285306957056,"_runtime":45.776791,"test_accuracy":61.370000000000005}