{"train_acc":10.725925925925926,"_step":5,"test_accuracy":11.06,"_wandb":{"runtime":21},"train_loss":3.127820999541069,"_timestamp":1.741474931237241e+09,"epoch":5,"val_acc":10.75,"val_loss":3.1144918804140036,"_runtime":21.922885}