{"test_accuracy":10,"_wandb":{"runtime":49},"_timestamp":1.741464948771373e+09,"val_acc":9.583333333333334,"train_loss":3.3475705318395255,"_step":5,"_runtime":49.756296,"train_acc":10.046296296296296,"epoch":5,"val_loss":3.3781507651930958}