{"_step":10,"epoch":10,"train_loss":0.27984025079233465,"test_accuracy":86.92999999999999,"_wandb":{"runtime":98},"_timestamp":1.741474323065793e+09,"train_acc":89.8074074074074,"_runtime":98.043999,"val_acc":87.86666666666667,"val_loss":0.33074938926746855}