{"_runtime":40.32936,"test_accuracy":11.4,"val_loss":6.204684315846159,"_timestamp":1.7414749012105129e+09,"train_acc":11.333333333333332,"_step":5,"_wandb":{"runtime":40},"val_acc":11.600000000000001,"epoch":5,"train_loss":6.250599479522078}