{"test_accuracy":10.02,"val_loss":3.5080389563490924,"_runtime":15.028125,"train_loss":3.4948798628637143,"val_acc":10.233333333333333,"train_acc":10.02962962962963,"_wandb":{"runtime":15},"epoch":5,"_timestamp":1.741473589912611e+09,"_step":5}