{"val_loss":0.4918835051933418,"epoch":5,"test_accuracy":82.39,"train_acc":83.52592592592593,"val_acc":82.46666666666667,"_runtime":15.860518,"_wandb":{"runtime":15},"_timestamp":1.741464752430638e+09,"_step":5,"train_loss":0.4710909276338739}