{"val_loss":0.41290214376885054,"test_accuracy":84.34,"_timestamp":1.741471495952998e+09,"epoch":5,"train_acc":85.74814814814815,"_runtime":23.618130999999998,"_step":5,"train_loss":0.3988398471807247,"_wandb":{"runtime":23},"val_acc":85.13333333333334}