{"val_loss":0.09619725550569791,"epoch":10,"_wandb":{"runtime":70},"train_acc":88.13333333333333,"_runtime":70.429804,"_step":10,"test_accuracy":85.77,"train_loss":0.0871992450900998,"val_acc":86.91666666666666,"_timestamp":1.741507266620255e+09}