{"val_loss":0.09654786111273124,"epoch":10,"_timestamp":1.741499869188722e+09,"train_loss":0.08812401301952773,"_wandb":{"runtime":43},"train_acc":87.99259259259259,"_step":10,"test_accuracy":85.72999999999999,"val_acc":86.41666666666666,"_runtime":43.60821}