{"_runtime":60.29167,"epoch":10,"_timestamp":1.7414677750624242e+09,"train_loss":2.302619093958133,"test_accuracy":10,"train_acc":9.987037037037037,"val_loss":2.3027160313191937,"val_acc":10.116666666666667,"_wandb":{"runtime":60},"_step":10}