{"test_accuracy":10,"_wandb":{"runtime":56},"train_acc":10.022222222222222,"val_loss":NaN,"_timestamp":1.741481585570567e+09,"train_loss":NaN,"_step":5,"val_acc":9.8,"_runtime":56.182232,"epoch":5}