{"_wandb":{"runtime":133},"_timestamp":1.741594038051091e+09,"val_acc":87.36666666666667,"train_acc":88.12777777777778,"train_loss":0.32881980704628117,"test_accuracy":86.33999999999999,"epoch":10,"val_loss":0.3506865252803147,"_runtime":133.951985,"_step":10}