{"_runtime":51.762784,"_timestamp":1.741552094683842e+09,"_wandb":{"runtime":54},"val_acc":10.116666666666667,"train_acc":9.987037037037037,"_step":5,"val_loss":2.302117162032037,"epoch":6,"train_loss":2.3019368557958297}