{"val_loss":0.36653961067614166,"val_acc":32.083333333333336,"train_acc":32.25,"_wandb":{"runtime":106},"epoch":10,"test_accuracy":32.01,"_step":10,"train_loss":0.3644940783404821,"_timestamp":1.7414909629609978e+09,"_runtime":106.327173}