{"epoch":10,"val_loss":0.32297351252659573,"_wandb":{"runtime":76},"_runtime":76.063461,"train_acc":90.32962962962962,"val_acc":88.53333333333333,"test_accuracy":86.96000000000001,"_step":10,"_timestamp":1.74147477075041e+09,"train_loss":0.2676829107287184}