{"_timestamp":1.742065367729973e+09,"_step":10,"epoch":10,"train_acc":10.066666666666666,"val_acc":9.4,"test_accuracy":10,"_wandb":{"runtime":19},"_runtime":19.399773,"val_loss":0.4609178051007566,"train_loss":0.4606849950979291}