{"_timestamp":1.74159613674932e+09,"_step":10,"epoch":10,"train_loss":0.3354584230113379,"val_acc":87.26666666666667,"_runtime":154.697864,"_wandb":{"runtime":154},"test_accuracy":85.96000000000001,"val_loss":0.358890471756453,"train_acc":87.82777777777778}