{"val_acc":88.5,"_timestamp":1.74149470345799e+09,"_wandb":{"runtime":87},"train_acc":90.88518518518518,"_step":10,"train_loss":0.06673800843888734,"_runtime":87.728439,"test_accuracy":87.22,"epoch":10,"val_loss":0.08496722426343356}