{"test_accuracy":86.46000000000001,"epoch":10,"train_loss":0.07453189011728086,"_step":10,"train_acc":90.02777777777777,"_wandb":{"runtime":124},"val_loss":0.0876096226012056,"_runtime":124.60253,"val_acc":87.98333333333333,"_timestamp":1.7415001118722649e+09}