{"val_acc":9.583333333333334,"_runtime":80.862508,"_timestamp":1.741551878136102e+09,"epoch":7,"_step":6,"train_acc":10.046296296296296,"_wandb":{"runtime":86},"train_loss":16.34501432403911,"val_loss":16.189167749703888}