{"train_loss":0.3146279555848887,"test_accuracy":86.24000000000001,"_step":10,"epoch":10,"_wandb":{"runtime":60},"train_acc":88.61111111111111,"val_loss":0.3502888661587293,"_timestamp":1.7414745801129768e+09,"val_acc":87.03333333333333,"_runtime":60.019939}