{"train_acc":71.68333333333334,"_step":10,"_runtime":192.779103,"test_accuracy":70.32000000000001,"_wandb":{"runtime":192},"train_loss":0.18920633193102385,"val_loss":0.1936920434895051,"_timestamp":1.741502425300529e+09,"epoch":10,"val_acc":70.86666666666666}