{"train_loss":7.835705458617196,"_wandb":{"runtime":33},"train_acc":56.48333333333333,"val_acc":55.48333333333333,"test_accuracy":55.879999999999995,"epoch":10,"val_loss":8.021026618500503,"_timestamp":1.741469610068298e+09,"_runtime":33.604553,"_step":10}