{"train_loss":0.6404692887834315,"_runtime":30.769966,"val_loss":0.6453597584554617,"test_accuracy":76.37,"_step":10,"train_acc":77.12592592592593,"_timestamp":1.741596215478924e+09,"val_acc":77.10000000000001,"epoch":10,"_wandb":{"runtime":30}}