{"train_acc":10.218518518518518,"train_loss":6.929720785817372,"_runtime":41.609685999999996,"_step":3,"val_loss":6.807216768646727,"val_acc":10.383333333333333,"_wandb":{"runtime":47},"epoch":4,"_timestamp":1.741552235257973e+09}