{"_wandb":{"runtime":17},"_timestamp":1.7414748030815601e+09,"test_accuracy":71.41999999999999,"train_acc":72.32592592592593,"_step":5,"val_acc":72.51666666666667,"train_loss":0.7813490042707991,"_runtime":17.872683,"epoch":5,"val_loss":0.7937192636573185}