{"val_accuracy":10.299999999999999,"train_acc":9.966666666666667,"_timestamp":1.7414470349215639e+09,"_wandb":{"runtime":60},"epoch":10,"_runtime":60.905977,"val_loss":2.3027177622605706,"val_acc":10.299999999999999,"train_loss":2.3026341507600527,"_step":10}