{"_timestamp":1.741491413552802e+09,"test_accuracy":83.75,"train_acc":87.0537037037037,"_step":10,"_wandb":{"runtime":76},"val_acc":84.76666666666667,"val_loss":0.1082055123295094,"epoch":10,"train_loss":0.09384277556446408,"_runtime":76.552558}