{"_timestamp":1.74147221241388e+09,"val_acc":82.41666666666667,"test_accuracy":81.78999999999999,"epoch":5,"train_loss":0.4831612053134412,"val_loss":0.49750667284175726,"_wandb":{"runtime":23},"_runtime":23.181815,"train_acc":82.68333333333334,"_step":5}