{"_step":10,"_wandb":{"runtime":62},"test_accuracy":10,"train_loss":0.49666717602478727,"train_acc":9.983333333333333,"_timestamp":1.741483856698142e+09,"epoch":10,"_runtime":62.44846,"val_loss":0.4979447338710548,"val_acc":10.15}