{"train_acc":84.41481481481482,"train_loss":0.43931419213079625,"_runtime":15.880147000000001,"test_accuracy":83.12,"val_acc":83.81666666666666,"_timestamp":1.741471741133255e+09,"_step":5,"_wandb":{"runtime":15},"epoch":5,"val_loss":0.4477125350139544}