{"val_loss":0.35020646823859236,"val_accuracy":87.76666666666667,"_wandb":{"runtime":30},"val_acc":87.76666666666667,"epoch":10,"_runtime":30.059209,"train_acc":89.52407407407408,"_timestamp":1.741444103587871e+09,"train_loss":0.2883879907366048,"_step":10}