{"_timestamp":1.7414470601661031e+09,"val_acc":86.76666666666667,"val_accuracy":86.76666666666667,"_step":5,"_runtime":10.976778,"val_loss":0.3709877438299857,"epoch":5,"train_acc":87.49444444444444,"_wandb":{"runtime":11},"train_loss":0.3432063040596966}