{"val_acc":87.7,"_step":10,"train_loss":0.07049357348646844,"train_acc":90.34629629629629,"val_loss":0.08970198961182456,"_timestamp":1.741497950500005e+09,"epoch":10,"test_accuracy":86.98,"_wandb":{"runtime":42},"_runtime":42.973051}