{"_runtime":97.712148,"_step":10,"_timestamp":1.741481470798987e+09,"val_loss":0.343759379310624,"test_accuracy":86.22999999999999,"_wandb":{"runtime":97},"epoch":10,"val_acc":87.66666666666667,"train_loss":0.29286228937816844,"train_acc":89.2537037037037}