{"_step":5,"val_acc":9.85,"val_loss":0.8345230361918446,"val_accuracy":9.85,"_wandb":{"runtime":57},"train_acc":10.014814814814816,"_runtime":57.291981,"train_loss":0.8295267031376325,"epoch":5,"_timestamp":1.741444425428823e+09}