{"val_loss":0.09851878128082911,"_timestamp":1.741486412092854e+09,"_step":10,"test_accuracy":85.45,"_wandb":{"runtime":47},"train_acc":87.9537037037037,"epoch":10,"train_loss":0.09036998550727905,"_runtime":47.317155,"val_acc":86.93333333333332}