{"test_accuracy":85.00999999999999,"_step":5,"train_acc":86.48333333333333,"epoch":5,"_runtime":29.442525,"val_loss":0.3900352081020954,"train_loss":0.37365710410698516,"_timestamp":1.7414791669046888e+09,"_wandb":{"runtime":29},"val_acc":85.61666666666666}