{"_step":5,"test_accuracy":83.45,"val_loss":0.42923962058637327,"epoch":5,"train_acc":85.16111111111111,"_timestamp":1.741473755998125e+09,"_runtime":19.323018,"_wandb":{"runtime":19},"train_loss":0.41489251214474304,"val_acc":85.26666666666667}