{"_runtime":76.626948,"_wandb":{"runtime":76},"epoch":10,"val_acc":84.39999999999999,"test_accuracy":83.71,"_timestamp":1.74148956377877e+09,"train_acc":86.61666666666666,"val_loss":0.1142781487138812,"_step":10,"train_loss":0.09749930173083589}