{"train_loss":0.08568872181216566,"train_acc":88.43333333333334,"_wandb":{"runtime":59},"val_acc":86.91666666666666,"_step":10,"_runtime":59.645997,"val_loss":0.09570996329939624,"epoch":10,"_timestamp":1.741486359376126e+09,"test_accuracy":85.72}