{"test_accuracy":76.57000000000001,"train_loss":0.6503775693766323,"_wandb":{"runtime":15},"train_acc":77.56666666666666,"_step":5,"val_loss":0.6577931218253742,"val_acc":76.96666666666667,"_timestamp":1.7414797287731159e+09,"_runtime":15.896108,"epoch":5}