{"val_loss":0.4586386427814309,"val_acc":11.05,"test_accuracy":11.06,"_wandb":{"runtime":11},"train_loss":0.45842217002564345,"epoch":5,"train_acc":11.072222222222223,"_runtime":11.809563,"_timestamp":1.742064430723297e+09,"_step":5}