{"train_loss":0.23165615446725,"test_accuracy":63.85999999999999,"train_acc":64.12962962962962,"val_loss":0.23459801540305894,"_step":10,"val_acc":64.16666666666667,"_wandb":{"runtime":228},"epoch":10,"_runtime":228.196352,"_timestamp":1.741487003804596e+09}