{"val_loss":1.9503826008367517,"val_acc":45.733333333333334,"_runtime":17.220047,"_timestamp":1.741467872133705e+09,"train_loss":1.8766798657836097,"train_acc":46.94259259259259,"_wandb":{"runtime":17},"test_accuracy":45.739999999999995,"_step":10,"epoch":10}