{"_runtime":61.831677,"_step":10,"train_acc":88.27962962962962,"_timestamp":1.7414736587328691e+09,"train_loss":0.32350693307708733,"val_acc":87.11666666666666,"_wandb":{"runtime":61},"epoch":10,"val_loss":0.36040738728941724,"test_accuracy":86.11999999999999}