{"test_accuracy":75.77000000000001,"val_loss":0.1718160963610174,"train_loss":0.16898289740693398,"train_acc":76.06851851851852,"val_acc":75.68333333333334,"_step":10,"epoch":10,"_wandb":{"runtime":42},"_timestamp":1.741496017150236e+09,"_runtime":42.984781}