{"val_acc":73.78333333333333,"test_accuracy":72.54,"epoch":10,"_runtime":92.207173,"train_acc":73.97407407407407,"_step":10,"_wandb":{"runtime":92},"val_loss":8.673572977016585,"_timestamp":1.741475135156613e+09,"train_loss":8.558313178824777}