{"_runtime":66.459076,"val_accuracy":10.116666666666667,"epoch":5,"train_acc":9.987037037037037,"_wandb":{"runtime":66},"val_loss":31.044603516292216,"_timestamp":1.7414440651361122e+09,"_step":5,"train_loss":31.089376004211534,"val_acc":10.116666666666667}