{"_step":10,"val_loss":0.2604188685629173,"test_accuracy":92.93,"train_acc":94.74074074074073,"val_acc":92.55,"_wandb":{"runtime":38},"epoch":10,"_timestamp":1.74152262870608e+09,"_runtime":38.003499,"train_loss":0.18103379315108378}