{"_runtime":3651.177882,"_timestamp":1.7415109315354939e+09,"val_loss":0.23786935392180159,"epoch":1,"train_acc":69.12777777777778,"train_loss":0.23625518760987416,"_wandb":{"runtime":3739},"val_acc":68.83333333333333,"_step":0}