{"test_accuracy":87.42999999999999,"_runtime":306.64115,"train_loss":0.07236318907381169,"val_loss":0.08491954054936489,"_wandb":{"runtime":306},"val_acc":88.28333333333333,"_step":10,"epoch":10,"train_acc":90.21481481481482,"_timestamp":1.7414986375877628e+09}