{"val_acc":44.63333333333333,"_runtime":54.535037,"train_loss":0.33141863980877445,"val_loss":0.34001060303319686,"_wandb":{"runtime":54},"test_accuracy":44.82,"_step":10,"epoch":10,"_timestamp":1.741492310680026e+09,"train_acc":46.24814814814815}