{"val_acc":10.15,"val_loss":0.7177500690025053,"val_accuracy":10.15,"_timestamp":1.741443328131178e+09,"train_loss":0.718673407970983,"_wandb":{"runtime":66},"train_acc":9.983333333333333,"_runtime":66.653645,"_step":10,"epoch":10}