{"val_acc":73.16666666666667,"_wandb":{"runtime":40},"train_loss":0.7066451570541927,"_step":7,"train_acc":74.22407407407408,"val_loss":0.7467852352112602,"_runtime":36.201426,"_timestamp":1.742061763253964e+09,"epoch":8}