{"_timestamp":1.741500283545372e+09,"train_acc":90.14814814814814,"val_acc":88.38333333333334,"train_loss":0.0731255285514052,"val_loss":0.08784916449181299,"test_accuracy":87.12,"_step":10,"_runtime":114.001587,"epoch":10,"_wandb":{"runtime":114}}