{"_timestamp":1.741528624890201e+09,"epoch":10,"train_acc":63.64259259259259,"_step":10,"val_acc":63.366666666666674,"val_loss":0.9618546424456439,"_wandb":{"runtime":5},"train_loss":0.9330307377511399,"test_accuracy":62.629999999999995,"_runtime":5.861975}