{"test_accuracy":10,"_step":10,"val_acc":10.116666666666667,"_timestamp":1.741477826472002e+09,"epoch":10,"val_loss":2.3038359515866134,"train_loss":2.3039353292096525,"_wandb":{"runtime":244},"train_acc":9.987037037037037,"_runtime":244.65233}