{"_timestamp":1.7414721751598568e+09,"_wandb":{"runtime":28},"train_loss":0.3589413718522897,"val_acc":85.63333333333333,"val_loss":0.39483929544444096,"test_accuracy":84.96000000000001,"epoch":5,"_step":5,"train_acc":86.8037037037037,"_runtime":28.533566}