{"_wandb":{"runtime":127},"val_acc":10.116666666666667,"_timestamp":1.7420655027188952e+09,"_step":10,"train_loss":0.4501564205929131,"epoch":10,"test_accuracy":10,"val_loss":0.45003868220300697,"_runtime":127.513514,"train_acc":9.987037037037037}