{"train_acc":76.22962962962963,"_runtime":38.49315,"val_acc":75.93333333333334,"_timestamp":1.741488979563454e+09,"epoch":10,"test_accuracy":75.21,"val_loss":0.17390074924105436,"train_loss":0.1704602819003415,"_step":10,"_wandb":{"runtime":38}}