{"train_loss":0.7924573015350413,"train_acc":73.41296296296295,"val_acc":72.56666666666666,"_timestamp":1.74147356681116e+09,"_step":5,"epoch":5,"test_accuracy":72.57000000000001,"val_loss":0.8042451141934125,"_runtime":25.615641,"_wandb":{"runtime":25}}