{"_wandb":{"runtime":89},"val_loss":0.5007822644924244,"epoch":10,"_timestamp":1.741438636641172e+09,"_step":9,"train_loss":0.5024292210003416,"_runtime":89.945708,"train_acc":10.018518518518519,"val_acc":9.833333333333332}