{"test_accuracy":85.48,"val_acc":86.58333333333333,"train_acc":87.66111111111111,"_runtime":39.717507,"_timestamp":1.7414971978593018e+09,"epoch":10,"train_loss":0.08954878383317574,"_step":10,"val_loss":0.09681276756040949,"_wandb":{"runtime":39}}