{"val_acc":87.83333333333333,"epoch":10,"_wandb":{"runtime":208},"test_accuracy":86.92999999999999,"_timestamp":1.741481883274175e+09,"_step":10,"_runtime":208.416978,"val_loss":0.37336293354563693,"train_loss":0.2594616948054663,"train_acc":90.3425925925926}