{"train_loss":0.0686031411540156,"epoch":10,"_wandb":{"runtime":116},"_step":10,"train_acc":90.67962962962963,"test_accuracy":87.19,"val_acc":88.63333333333333,"_runtime":116.946362,"_timestamp":1.7414899036166751e+09,"val_loss":0.08611334617380179}