{"epoch":10,"val_accuracy":10.116666666666667,"val_loss":0.45009634428276435,"train_loss":0.45023183132813094,"train_acc":9.987037037037037,"_timestamp":1.7414445751750789e+09,"_wandb":{"runtime":49},"_runtime":49.299567,"val_acc":10.116666666666667,"_step":10}