{"train_loss":0.39910113258122565,"test_accuracy":84.17999999999999,"train_acc":85.50555555555556,"epoch":5,"_step":5,"val_acc":84.16666666666667,"_timestamp":1.741473100579882e+09,"val_loss":0.4266114924028557,"_wandb":{"runtime":35},"_runtime":35.016192}