{"epoch":10,"_runtime":37.617671,"val_loss":3.348062271580533,"test_accuracy":4.01,"_timestamp":1.741464065412025e+09,"train_loss":3.311116384251714,"val_acc":3.5333333333333337,"_wandb":{"runtime":37},"_step":10,"train_acc":4.031481481481482}