{"_wandb":{"runtime":17},"train_loss":0.3745609469464316,"_timestamp":1.741595699299388e+09,"val_loss":0.38811263119168826,"val_acc":86.31666666666666,"test_accuracy":84.85000000000001,"train_acc":86.73518518518519,"_runtime":17.100313,"_step":10,"epoch":10}