{"_step":10,"train_acc":88.1888888888889,"val_acc":86.91666666666666,"train_loss":0.3270912151792459,"val_loss":0.3697532844053568,"_timestamp":1.7414820680433311e+09,"_runtime":62.779577,"epoch":10,"_wandb":{"runtime":62},"test_accuracy":85.56}