{"epoch":5,"test_accuracy":50.480000000000004,"val_acc":51.349999999999994,"train_acc":51.57037037037037,"_step":5,"_runtime":26.34704,"train_loss":8.193887291986307,"_wandb":{"runtime":26},"val_loss":8.041082321505,"_timestamp":1.741470556097149e+09}