{"train_acc":9.911111111111111,"_wandb":{"runtime":23},"epoch":10,"_timestamp":1.7414424192609558e+09,"train_loss":2.303273996939809,"val_accuracy":10.8,"_step":10,"val_loss":2.3030029166819608,"val_acc":10.8,"_runtime":23.369481}