{"epoch":10,"_timestamp":1.741601176124276e+09,"_step":10,"test_accuracy":83.35000000000001,"_wandb":{"runtime":30},"val_loss":0.44061440087403086,"val_acc":84.38333333333333,"_runtime":30.335714,"train_loss":0.4293944662966309,"train_acc":84.88888888888889}