{"_wandb":{"runtime":15},"train_acc":83.89999999999999,"val_loss":0.4553287110399142,"val_acc":83.68333333333334,"_timestamp":1.741470047633558e+09,"test_accuracy":82.74000000000001,"epoch":5,"train_loss":0.4518901521935364,"_runtime":15.150685,"_step":5}