{"_wandb":{"runtime":21},"_timestamp":1.741474396663104e+09,"train_loss":0.4416310269367533,"_runtime":21.728634,"_step":5,"val_loss":0.4631576916075157,"epoch":5,"train_acc":84.34074074074074,"val_acc":83.41666666666666,"test_accuracy":82.67999999999999}