{"_wandb":{"runtime":66},"_runtime":61.880655,"train_loss":31.079781899657394,"_step":10,"val_loss":31.142463382744463,"epoch":11,"val_acc":9.833333333333332,"train_acc":10.014814814814816,"_timestamp":1.741551141026119e+09}