{"val_acc":86.93333333333332,"test_accuracy":85.49,"_step":10,"_runtime":44.994993,"_wandb":{"runtime":45},"train_acc":87.57407407407408,"val_loss":0.37362578393596685,"_timestamp":1.741469497763666e+09,"epoch":10,"train_loss":0.3453856243419941}