{"train_loss":11.100266232178193,"test_accuracy":60.77,"_step":10,"_runtime":30.797719,"val_loss":11.294767660724357,"val_acc":61.38333333333333,"_timestamp":1.7414705226474292e+09,"epoch":10,"train_acc":61.96111111111111,"_wandb":{"runtime":30}}