{"val_loss":2.3122677723292346,"val_accuracy":9.8,"_runtime":29.562442,"_timestamp":1.741443502902572e+09,"epoch":10,"_step":10,"train_acc":10.022222222222222,"train_loss":2.312794068369408,"_wandb":{"runtime":29},"val_acc":9.8}