{"test_accuracy":85.22999999999999,"_step":10,"_timestamp":1.741476848713706e+09,"val_acc":86.63333333333333,"_runtime":50.67946,"train_acc":87.28703703703704,"_wandb":{"runtime":50},"val_loss":0.3663815500158544,"train_loss":0.3471303830889275,"epoch":10}