{"train_acc":83.31851851851852,"val_acc":81.86666666666666,"_runtime":281.4269,"_step":10,"_wandb":{"runtime":281},"val_accuracy":81.86666666666666,"val_loss":0.12841565823232223,"_timestamp":1.7414439903766332e+09,"epoch":10,"train_loss":0.11903703250755018}