{"train_loss":0.9462072738059983,"test_accuracy":64.19,"_step":15,"val_loss":1.004209784579207,"_wandb":{"runtime":7},"val_acc":64.58333333333334,"epoch":15,"_timestamp":1.7415300382810922e+09,"train_acc":65.21666666666667,"_runtime":7.643292}