{"val_acc":85.46666666666667,"_runtime":77.666033,"_wandb":{"runtime":77},"train_acc":85.94814814814815,"val_loss":0.40575801443428555,"_step":10,"_timestamp":1.741443253543961e+09,"val_accuracy":85.46666666666667,"epoch":10,"train_loss":0.3948474432359572}