{"_timestamp":1.741442265095168e+09,"_runtime":165.043652,"_step":10,"train_acc":90.83518518518518,"val_loss":0.31635323871590354,"val_accuracy":88.48333333333333,"epoch":10,"val_acc":88.48333333333333,"_wandb":{"runtime":165},"train_loss":0.24604422268671564}