{"val_accuracy":10.983333333333334,"val_acc":10.983333333333334,"_step":10,"val_loss":0.4701043048085228,"_wandb":{"runtime":83},"train_loss":0.4701989649306801,"_runtime":83.794815,"epoch":10,"train_acc":11.207407407407407,"_timestamp":1.741442871753673e+09}