{"_step":10,"train_loss":0.3520698225010748,"val_loss":0.37887317635070367,"_timestamp":1.741476510876131e+09,"_runtime":48.384036,"epoch":10,"_wandb":{"runtime":48},"val_acc":86.43333333333332,"test_accuracy":85.16,"train_acc":87.17222222222222}