{"_runtime":20.572854,"_step":5,"val_acc":9.8,"epoch":5,"test_accuracy":10,"train_loss":NaN,"_timestamp":1.741476943042706e+09,"train_acc":10.022222222222222,"val_loss":NaN,"_wandb":{"runtime":20}}