{"val_acc":9.85,"val_loss":0.7997493057518258,"train_acc":10.035185185185187,"epoch":9,"_wandb":{"runtime":33},"_runtime":31.898724,"_timestamp":1.741439326705348e+09,"train_loss":0.8002840685466475,"_step":8}