{"train_acc":10.066666666666666,"epoch":10,"val_accuracy":9.4,"val_acc":9.4,"val_loss":0.45001859369413205,"_wandb":{"runtime":145},"_runtime":145.168463,"train_loss":0.4500024039973292,"_timestamp":1.7414442946763039e+09,"_step":10}