{"_step":10,"epoch":10,"_runtime":41.547314,"train_acc":61.3462962962963,"val_acc":59.516666666666666,"test_accuracy":59.419999999999995,"_wandb":{"runtime":41},"val_loss":3.2459134021961313,"_timestamp":1.7414709717720509e+09,"train_loss":3.0364078616883066}