{"_timestamp":1.7414741392982888e+09,"val_acc":88.46666666666667,"_runtime":74.923996,"train_loss":0.25993198523662914,"epoch":10,"_step":10,"train_acc":90.58333333333334,"val_loss":0.3282573267810956,"test_accuracy":87.33999999999999,"_wandb":{"runtime":74}}