{"_wandb":{"runtime":92},"_runtime":92.169697,"epoch":5,"train_acc":10.022222222222222,"_step":5,"val_loss":NaN,"train_loss":NaN,"val_accuracy":9.8,"val_acc":9.8,"_timestamp":1.741447158199518e+09}