{"epoch":10,"val_loss":0.33509549054375076,"train_acc":89.3962962962963,"_wandb":{"runtime":76},"_runtime":76.749118,"val_acc":87.83333333333333,"test_accuracy":86.53999999999999,"_timestamp":1.741471463370191e+09,"train_loss":0.2937519821382636,"_step":10}