{"epoch":5,"val_accuracy":10.116666666666667,"train_loss":0.4501485914446249,"_runtime":129.502235,"_step":5,"_wandb":{"runtime":129},"val_acc":10.116666666666667,"val_loss":0.4499985160246287,"_timestamp":1.7414420859537542e+09,"train_acc":9.987037037037037}