{"train_acc":87.10555555555555,"val_accuracy":86.18333333333334,"_wandb":{"runtime":32},"val_loss":0.4011186921515781,"val_acc":86.18333333333334,"_step":10,"epoch":10,"train_loss":0.38527642118709937,"_runtime":32.624502,"_timestamp":1.741443169789896e+09}