{"_runtime":58.75158,"_step":10,"val_loss":0.3877374769965079,"test_accuracy":85.25,"_timestamp":1.741597207366648e+09,"train_acc":86.61666666666666,"val_acc":85.66666666666667,"_wandb":{"runtime":58},"epoch":10,"train_loss":0.37600106571219133}