{"val_loss":0.3965508717494283,"train_acc":86.46296296296296,"test_accuracy":84.25,"train_loss":0.3786207357997381,"_wandb":{"runtime":36},"val_acc":85.98333333333333,"_timestamp":1.7414720108362591e+09,"epoch":10,"_runtime":36.440596,"_step":10}