{"_wandb":{"runtime":133},"val_loss":0.13894692552396115,"val_acc":80.25,"train_loss":0.1317627581800383,"_timestamp":1.741493518879543e+09,"test_accuracy":79.42,"_runtime":133.858516,"_step":10,"train_acc":81.38333333333333,"epoch":10}