{"epoch":10,"val_acc":9.833333333333332,"val_loss":2.3056048417348465,"train_loss":2.305275691370126,"val_accuracy":9.833333333333332,"_timestamp":1.741444783658596e+09,"_step":10,"_runtime":31.377625,"train_acc":10.018518518518519,"_wandb":{"runtime":31}}