{"train_acc":67.71111111111111,"test_accuracy":66.24,"_wandb":{"runtime":19},"_runtime":19.332591,"val_acc":67.06666666666666,"epoch":5,"_timestamp":1.741468733906118e+09,"train_loss":10.425538713244961,"_step":5,"val_loss":10.63443758457942}